,gender,age,sibsp,parch,fare,class,who,adult_male,embark_town,alive,alone,family_size
0,male,22,1,0,7.25,Third,man,TRUE,Southampton,no,FALSE,1
1,female,38,1,0,71.2833,First,woman,FALSE,Cherbourg,yes,FALSE,1
2,female,26,0,0,7.925,Third,woman,FALSE,Southampton,yes,TRUE,0
3,female,35,1,0,53.1,First,woman,FALSE,Southampton,yes,FALSE,1
4,male,35,0,0,8.05,Third,man,TRUE,Southampton,no,TRUE,0
5,male,31,0,0,8.4583,Third,man,TRUE,Queenstown,no,TRUE,0
6,male,54,0,0,51.8625,First,man,TRUE,Southampton,no,TRUE,0
7,male,2,3,1,21.075,Third,child,FALSE,Southampton,no,FALSE,4
8,female,27,0,2,11.1333,Third,woman,FALSE,Southampton,yes,FALSE,2
9,female,14,1,0,30.0708,Second,child,FALSE,Cherbourg,yes,FALSE,1
10,female,4,1,1,16.7,Third,child,FALSE,Southampton,yes,FALSE,2
11,female,58,0,0,26.55,First,woman,FALSE,Southampton,yes,TRUE,0
12,male,20,0,0,8.05,Third,man,TRUE,Southampton,no,TRUE,0
13,male,39,1,5,31.275,Third,man,TRUE,Southampton,no,FALSE,6
14,female,14,0,0,7.8542,Third,child,FALSE,Southampton,no,TRUE,0
15,female,55,0,0,16,Second,woman,FALSE,Southampton,yes,TRUE,0
16,male,2,4,1,29.125,Third,child,FALSE,Queenstown,no,FALSE,5
17,male,31,0,0,13,Second,man,TRUE,Southampton,yes,TRUE,0
18,female,31,1,0,18,Third,woman,FALSE,Southampton,no,FALSE,1
19,female,28,0,0,7.225,Third,woman,FALSE,Cherbourg,yes,TRUE,0
20,male,35,0,0,26,Second,man,TRUE,Southampton,no,TRUE,0
21,male,34,0,0,13,Second,man,TRUE,Southampton,yes,TRUE,0
22,female,15,0,0,8.0292,Third,child,FALSE,Queenstown,yes,TRUE,0
23,male,28,0,0,35.5,First,man,TRUE,Southampton,yes,TRUE,0
24,female,8,3,1,21.075,Third,child,FALSE,Southampton,no,FALSE,4
25,female,38,1,5,31.3875,Third,woman,FALSE,Southampton,yes,FALSE,6
26,male,31,0,0,7.225,Third,man,TRUE,Cherbourg,no,TRUE,0
27,male,19,3,2,263,First,man,TRUE,Southampton,no,FALSE,5
28,female,28,0,0,7.8792,Third,woman,FALSE,Queenstown,yes,TRUE,0
29,male,31,0,0,7.8958,Third,man,TRUE,Southampton,no,TRUE,0
30,male,40,0,0,27.7208,First,man,TRUE,Cherbourg,no,TRUE,0
31,female,28,1,0,146.5208,First,woman,FALSE,Cherbourg,yes,FALSE,1
32,female,28,0,0,7.75,Third,woman,FALSE,Queenstown,yes,TRUE,0
33,male,66,0,0,10.5,Second,man,TRUE,Southampton,no,TRUE,0
34,male,28,1,0,82.1708,First,man,TRUE,Cherbourg,no,FALSE,1
35,male,42,1,0,52,First,man,TRUE,Southampton,no,FALSE,1
36,male,31,0,0,7.2292,Third,man,TRUE,Cherbourg,yes,TRUE,0
37,male,21,0,0,8.05,Third,man,TRUE,Southampton,no,TRUE,0
38,female,18,2,0,18,Third,woman,FALSE,Southampton,no,FALSE,2
39,female,14,1,0,11.2417,Third,child,FALSE,Cherbourg,yes,FALSE,1
40,female,40,1,0,9.475,Third,woman,FALSE,Southampton,no,FALSE,1
41,female,27,1,0,21,Second,woman,FALSE,Southampton,no,FALSE,1
42,male,31,0,0,7.8958,Third,man,TRUE,Cherbourg,no,TRUE,0
43,female,3,1,2,41.5792,Second,child,FALSE,Cherbourg,yes,FALSE,3
44,female,19,0,0,7.8792,Third,woman,FALSE,Queenstown,yes,TRUE,0
45,male,31,0,0,8.05,Third,man,TRUE,Southampton,no,TRUE,0
46,male,31,1,0,15.5,Third,man,TRUE,Queenstown,no,FALSE,1
47,female,28,0,0,7.75,Third,woman,FALSE,Queenstown,yes,TRUE,0
48,male,31,2,0,21.6792,Third,man,TRUE,Cherbourg,no,FALSE,2
49,female,18,1,0,17.8,Third,woman,FALSE,Southampton,no,FALSE,1
50,male,7,4,1,39.6875,Third,child,FALSE,Southampton,no,FALSE,5
51,male,21,0,0,7.8,Third,man,TRUE,Southampton,no,TRUE,0
52,female,49,1,0,76.7292,First,woman,FALSE,Cherbourg,yes,FALSE,1
53,female,29,1,0,26,Second,woman,FALSE,Southampton,yes,FALSE,1
54,male,65,0,1,61.9792,First,man,TRUE,Cherbourg,no,FALSE,1
55,male,31,0,0,35.5,First,man,TRUE,Southampton,yes,TRUE,0
56,female,21,0,0,10.5,Second,woman,FALSE,Southampton,yes,TRUE,0
57,male,28.5,0,0,7.2292,Third,man,TRUE,Cherbourg,no,TRUE,0
58,female,5,1,2,27.75,Second,child,FALSE,Southampton,yes,FALSE,3
59,male,11,5,2,46.9,Third,child,FALSE,Southampton,no,FALSE,7
60,male,22,0,0,7.2292,Third,man,TRUE,Cherbourg,no,TRUE,0
61,female,38,0,0,80,First,woman,FALSE,Southampton,yes,TRUE,0
62,male,45,1,0,83.475,First,man,TRUE,Southampton,no,FALSE,1
63,male,4,3,2,27.9,Third,child,FALSE,Southampton,no,FALSE,5
64,male,31,0,0,27.7208,First,man,TRUE,Cherbourg,no,TRUE,0
65,male,31,1,1,15.2458,Third,man,TRUE,Cherbourg,yes,FALSE,2
66,female,29,0,0,10.5,Second,woman,FALSE,Southampton,yes,TRUE,0
67,male,19,0,0,8.1583,Third,man,TRUE,Southampton,no,TRUE,0
68,female,17,4,2,7.925,Third,woman,FALSE,Southampton,yes,FALSE,6
69,male,26,2,0,8.6625,Third,man,TRUE,Southampton,no,FALSE,2
70,male,32,0,0,10.5,Second,man,TRUE,Southampton,no,TRUE,0
71,female,16,5,2,46.9,Third,woman,FALSE,Southampton,no,FALSE,7
72,male,21,0,0,73.5,Second,man,TRUE,Southampton,no,TRUE,0
73,male,26,1,0,14.4542,Third,man,TRUE,Cherbourg,no,FALSE,1
74,male,32,0,0,56.4958,Third,man,TRUE,Southampton,yes,TRUE,0
75,male,25,0,0,7.65,Third,man,TRUE,Southampton,no,TRUE,0
76,male,31,0,0,7.8958,Third,man,TRUE,Southampton,no,TRUE,0
77,male,31,0,0,8.05,Third,man,TRUE,Southampton,no,TRUE,0
78,male,0.83,0,2,29,Second,child,FALSE,Southampton,yes,FALSE,2
79,female,30,0,0,12.475,Third,woman,FALSE,Southampton,yes,TRUE,0
80,male,22,0,0,9,Third,man,TRUE,Southampton,no,TRUE,0
81,male,29,0,0,9.5,Third,man,TRUE,Southampton,yes,TRUE,0
82,female,28,0,0,7.7875,Third,woman,FALSE,Queenstown,yes,TRUE,0
83,male,28,0,0,47.1,First,man,TRUE,Southampton,no,TRUE,0
84,female,17,0,0,10.5,Second,woman,FALSE,Southampton,yes,TRUE,0
85,female,33,3,0,15.85,Third,woman,FALSE,Southampton,yes,FALSE,3
86,male,16,1,3,34.375,Third,man,TRUE,Southampton,no,FALSE,4
87,male,31,0,0,8.05,Third,man,TRUE,Southampton,no,TRUE,0
88,female,23,3,2,263,First,woman,FALSE,Southampton,yes,FALSE,5
89,male,24,0,0,8.05,Third,man,TRUE,Southampton,no,TRUE,0
90,male,29,0,0,8.05,Third,man,TRUE,Southampton,no,TRUE,0
91,male,20,0,0,7.8542,Third,man,TRUE,Southampton,no,TRUE,0
92,male,46,1,0,61.175,First,man,TRUE,Southampton,no,FALSE,1
93,male,26,1,2,20.575,Third,man,TRUE,Southampton,no,FALSE,3
94,male,59,0,0,7.25,Third,man,TRUE,Southampton,no,TRUE,0
95,male,31,0,0,8.05,Third,man,TRUE,Southampton,no,TRUE,0
96,male,71,0,0,34.6542,First,man,TRUE,Cherbourg,no,TRUE,0
97,male,23,0,1,63.3583,First,man,TRUE,Cherbourg,yes,FALSE,1
98,female,34,0,1,23,Second,woman,FALSE,Southampton,yes,FALSE,1
99,male,34,1,0,26,Second,man,TRUE,Southampton,no,FALSE,1
100,female,28,0,0,7.8958,Third,woman,FALSE,Southampton,no,TRUE,0
101,male,31,0,0,7.8958,Third,man,TRUE,Southampton,no,TRUE,0
102,male,21,0,1,77.2875,First,man,TRUE,Southampton,no,FALSE,1
103,male,33,0,0,8.6542,Third,man,TRUE,Southampton,no,TRUE,0
104,male,37,2,0,7.925,Third,man,TRUE,Southampton,no,FALSE,2
105,male,28,0,0,7.8958,Third,man,TRUE,Southampton,no,TRUE,0
106,female,21,0,0,7.65,Third,woman,FALSE,Southampton,yes,TRUE,0
107,male,31,0,0,7.775,Third,man,TRUE,Southampton,yes,TRUE,0
108,male,38,0,0,7.8958,Third,man,TRUE,Southampton,no,TRUE,0
109,female,28,1,0,24.15,Third,woman,FALSE,Queenstown,yes,FALSE,1
110,male,47,0,0,52,First,man,TRUE,Southampton,no,TRUE,0
111,female,14.5,1,0,14.4542,Third,child,FALSE,Cherbourg,no,FALSE,1
112,male,22,0,0,8.05,Third,man,TRUE,Southampton,no,TRUE,0
113,female,20,1,0,9.825,Third,woman,FALSE,Southampton,no,FALSE,1
114,female,17,0,0,14.4583,Third,woman,FALSE,Cherbourg,no,TRUE,0
115,male,21,0,0,7.925,Third,man,TRUE,Southampton,no,TRUE,0
116,male,70.5,0,0,7.75,Third,man,TRUE,Queenstown,no,TRUE,0
117,male,29,1,0,21,Second,man,TRUE,Southampton,no,FALSE,1
118,male,24,0,1,247.5208,First,man,TRUE,Cherbourg,no,FALSE,1
119,female,2,4,2,31.275,Third,child,FALSE,Southampton,no,FALSE,6
120,male,21,2,0,73.5,Second,man,TRUE,Southampton,no,FALSE,2
121,male,31,0,0,8.05,Third,man,TRUE,Southampton,no,TRUE,0
122,male,32.5,1,0,30.0708,Second,man,TRUE,Cherbourg,no,FALSE,1
123,female,32.5,0,0,13,Second,woman,FALSE,Southampton,yes,TRUE,0
124,male,54,0,1,77.2875,First,man,TRUE,Southampton,no,FALSE,1
125,male,12,1,0,11.2417,Third,child,FALSE,Cherbourg,yes,FALSE,1
126,male,31,0,0,7.75,Third,man,TRUE,Queenstown,no,TRUE,0
127,male,24,0,0,7.1417,Third,man,TRUE,Southampton,yes,TRUE,0
128,female,28,1,1,22.3583,Third,woman,FALSE,Cherbourg,yes,FALSE,2
129,male,45,0,0,6.975,Third,man,TRUE,Southampton,no,TRUE,0
130,male,33,0,0,7.8958,Third,man,TRUE,Cherbourg,no,TRUE,0
131,male,20,0,0,7.05,Third,man,TRUE,Southampton,no,TRUE,0
132,female,47,1,0,14.5,Third,woman,FALSE,Southampton,no,FALSE,1
133,female,29,1,0,26,Second,woman,FALSE,Southampton,yes,FALSE,1
134,male,25,0,0,13,Second,man,TRUE,Southampton,no,TRUE,0
135,male,23,0,0,15.0458,Second,man,TRUE,Cherbourg,no,TRUE,0
136,female,19,0,2,26.2833,First,woman,FALSE,Southampton,yes,FALSE,2
137,male,37,1,0,53.1,First,man,TRUE,Southampton,no,FALSE,1
138,male,16,0,0,9.2167,Third,man,TRUE,Southampton,no,TRUE,0
139,male,24,0,0,79.2,First,man,TRUE,Cherbourg,no,TRUE,0
140,female,28,0,2,15.2458,Third,woman,FALSE,Cherbourg,no,FALSE,2
141,female,22,0,0,7.75,Third,woman,FALSE,Southampton,yes,TRUE,0
142,female,24,1,0,15.85,Third,woman,FALSE,Southampton,yes,FALSE,1
143,male,19,0,0,6.75,Third,man,TRUE,Queenstown,no,TRUE,0
144,male,18,0,0,11.5,Second,man,TRUE,Southampton,no,TRUE,0
145,male,19,1,1,36.75,Second,man,TRUE,Southampton,no,FALSE,2
146,male,27,0,0,7.7958,Third,man,TRUE,Southampton,yes,TRUE,0
147,female,9,2,2,34.375,Third,child,FALSE,Southampton,no,FALSE,4
148,male,36.5,0,2,26,Second,man,TRUE,Southampton,no,FALSE,2
149,male,42,0,0,13,Second,man,TRUE,Southampton,no,TRUE,0
150,male,51,0,0,12.525,Second,man,TRUE,Southampton,no,TRUE,0
151,female,22,1,0,66.6,First,woman,FALSE,Southampton,yes,FALSE,1
152,male,55.5,0,0,8.05,Third,man,TRUE,Southampton,no,TRUE,0
153,male,40.5,0,2,14.5,Third,man,TRUE,Southampton,no,FALSE,2
154,male,31,0,0,7.3125,Third,man,TRUE,Southampton,no,TRUE,0
155,male,51,0,1,61.3792,First,man,TRUE,Cherbourg,no,FALSE,1
156,female,16,0,0,7.7333,Third,woman,FALSE,Queenstown,yes,TRUE,0
157,male,30,0,0,8.05,Third,man,TRUE,Southampton,no,TRUE,0
158,male,31,0,0,8.6625,Third,man,TRUE,Southampton,no,TRUE,0
159,male,31,8,2,69.55,Third,man,TRUE,Southampton,no,FALSE,10
160,male,44,0,1,16.1,Third,man,TRUE,Southampton,no,FALSE,1
161,female,40,0,0,15.75,Second,woman,FALSE,Southampton,yes,TRUE,0
162,male,26,0,0,7.775,Third,man,TRUE,Southampton,no,TRUE,0
163,male,17,0,0,8.6625,Third,man,TRUE,Southampton,no,TRUE,0
164,male,1,4,1,39.6875,Third,child,FALSE,Southampton,no,FALSE,5
165,male,9,0,2,20.525,Third,child,FALSE,Southampton,yes,FALSE,2
166,female,28,0,1,55,First,woman,FALSE,Southampton,yes,FALSE,1
167,female,45,1,4,27.9,Third,woman,FALSE,Southampton,no,FALSE,5
168,male,31,0,0,25.925,First,man,TRUE,Southampton,no,TRUE,0
169,male,28,0,0,56.4958,Third,man,TRUE,Southampton,no,TRUE,0
170,male,61,0,0,33.5,First,man,TRUE,Southampton,no,TRUE,0
171,male,4,4,1,29.125,Third,child,FALSE,Queenstown,no,FALSE,5
172,female,1,1,1,11.1333,Third,child,FALSE,Southampton,yes,FALSE,2
173,male,21,0,0,7.925,Third,man,TRUE,Southampton,no,TRUE,0
174,male,56,0,0,30.6958,First,man,TRUE,Cherbourg,no,TRUE,0
175,male,18,1,1,7.8542,Third,man,TRUE,Southampton,no,FALSE,2
176,male,31,3,1,25.4667,Third,man,TRUE,Southampton,no,FALSE,4
177,female,50,0,0,28.7125,First,woman,FALSE,Cherbourg,no,TRUE,0
178,male,30,0,0,13,Second,man,TRUE,Southampton,no,TRUE,0
179,male,36,0,0,0,Third,man,TRUE,Southampton,no,TRUE,0
180,female,28,8,2,69.55,Third,woman,FALSE,Southampton,no,FALSE,10
181,male,31,0,0,15.05,Second,man,TRUE,Cherbourg,no,TRUE,0
182,male,9,4,2,31.3875,Third,child,FALSE,Southampton,no,FALSE,6
183,male,1,2,1,39,Second,child,FALSE,Southampton,yes,FALSE,3
184,female,4,0,2,22.025,Third,child,FALSE,Southampton,yes,FALSE,2
185,male,31,0,0,50,First,man,TRUE,Southampton,no,TRUE,0
186,female,28,1,0,15.5,Third,woman,FALSE,Queenstown,yes,FALSE,1
187,male,45,0,0,26.55,First,man,TRUE,Southampton,yes,TRUE,0
188,male,40,1,1,15.5,Third,man,TRUE,Queenstown,no,FALSE,2
189,male,36,0,0,7.8958,Third,man,TRUE,Southampton,no,TRUE,0
190,female,32,0,0,13,Second,woman,FALSE,Southampton,yes,TRUE,0
191,male,19,0,0,13,Second,man,TRUE,Southampton,no,TRUE,0
192,female,19,1,0,7.8542,Third,woman,FALSE,Southampton,yes,FALSE,1
193,male,3,1,1,26,Second,child,FALSE,Southampton,yes,FALSE,2
194,female,44,0,0,27.7208,First,woman,FALSE,Cherbourg,yes,TRUE,0
195,female,58,0,0,146.5208,First,woman,FALSE,Cherbourg,yes,TRUE,0
196,male,31,0,0,7.75,Third,man,TRUE,Queenstown,no,TRUE,0
197,male,42,0,1,8.4042,Third,man,TRUE,Southampton,no,FALSE,1
198,female,28,0,0,7.75,Third,woman,FALSE,Queenstown,yes,TRUE,0
199,female,24,0,0,13,Second,woman,FALSE,Southampton,no,TRUE,0
200,male,28,0,0,9.5,Third,man,TRUE,Southampton,no,TRUE,0
201,male,31,8,2,69.55,Third,man,TRUE,Southampton,no,FALSE,10
202,male,34,0,0,6.4958,Third,man,TRUE,Southampton,no,TRUE,0
203,male,45.5,0,0,7.225,Third,man,TRUE,Cherbourg,no,TRUE,0
204,male,18,0,0,8.05,Third,man,TRUE,Southampton,yes,TRUE,0
205,female,2,0,1,10.4625,Third,child,FALSE,Southampton,no,FALSE,1
206,male,32,1,0,15.85,Third,man,TRUE,Southampton,no,FALSE,1
207,male,26,0,0,18.7875,Third,man,TRUE,Cherbourg,yes,TRUE,0
208,female,16,0,0,7.75,Third,woman,FALSE,Queenstown,yes,TRUE,0
209,male,40,0,0,31,First,man,TRUE,Cherbourg,yes,TRUE,0
210,male,24,0,0,7.05,Third,man,TRUE,Southampton,no,TRUE,0
211,female,35,0,0,21,Second,woman,FALSE,Southampton,yes,TRUE,0
212,male,22,0,0,7.25,Third,man,TRUE,Southampton,no,TRUE,0
213,male,30,0,0,13,Second,man,TRUE,Southampton,no,TRUE,0
214,male,31,1,0,7.75,Third,man,TRUE,Queenstown,no,FALSE,1
215,female,31,1,0,113.275,First,woman,FALSE,Cherbourg,yes,FALSE,1
216,female,27,0,0,7.925,Third,woman,FALSE,Southampton,yes,TRUE,0
217,male,42,1,0,27,Second,man,TRUE,Southampton,no,FALSE,1
218,female,32,0,0,76.2917,First,woman,FALSE,Cherbourg,yes,TRUE,0
219,male,30,0,0,10.5,Second,man,TRUE,Southampton,no,TRUE,0
220,male,16,0,0,8.05,Third,man,TRUE,Southampton,yes,TRUE,0
221,male,27,0,0,13,Second,man,TRUE,Southampton,no,TRUE,0
222,male,51,0,0,8.05,Third,man,TRUE,Southampton,no,TRUE,0
223,male,31,0,0,7.8958,Third,man,TRUE,Southampton,no,TRUE,0
224,male,38,1,0,90,First,man,TRUE,Southampton,yes,FALSE,1
225,male,22,0,0,9.35,Third,man,TRUE,Southampton,no,TRUE,0
226,male,19,0,0,10.5,Second,man,TRUE,Southampton,yes,TRUE,0
227,male,20.5,0,0,7.25,Third,man,TRUE,Southampton,no,TRUE,0
228,male,18,0,0,13,Second,man,TRUE,Southampton,no,TRUE,0
229,female,28,3,1,25.4667,Third,woman,FALSE,Southampton,no,FALSE,4
230,female,35,1,0,83.475,First,woman,FALSE,Southampton,yes,FALSE,1
231,male,29,0,0,7.775,Third,man,TRUE,Southampton,no,TRUE,0
232,male,59,0,0,13.5,Second,man,TRUE,Southampton,no,TRUE,0
233,female,5,4,2,31.3875,Third,child,FALSE,Southampton,yes,FALSE,6
234,male,24,0,0,10.5,Second,man,TRUE,Southampton,no,TRUE,0
235,female,28,0,0,7.55,Third,woman,FALSE,Southampton,no,TRUE,0
236,male,44,1,0,26,Second,man,TRUE,Southampton,no,FALSE,1
237,female,8,0,2,26.25,Second,child,FALSE,Southampton,yes,FALSE,2
238,male,19,0,0,10.5,Second,man,TRUE,Southampton,no,TRUE,0
239,male,33,0,0,12.275,Second,man,TRUE,Southampton,no,TRUE,0
240,female,28,1,0,14.4542,Third,woman,FALSE,Cherbourg,no,FALSE,1
241,female,28,1,0,15.5,Third,woman,FALSE,Queenstown,yes,FALSE,1
242,male,29,0,0,10.5,Second,man,TRUE,Southampton,no,TRUE,0
243,male,22,0,0,7.125,Third,man,TRUE,Southampton,no,TRUE,0
244,male,30,0,0,7.225,Third,man,TRUE,Cherbourg,no,TRUE,0
245,male,44,2,0,90,First,man,TRUE,Queenstown,no,FALSE,2
246,female,25,0,0,7.775,Third,woman,FALSE,Southampton,no,TRUE,0
247,female,24,0,2,14.5,Second,woman,FALSE,Southampton,yes,FALSE,2
248,male,37,1,1,52.5542,First,man,TRUE,Southampton,yes,FALSE,2
249,male,54,1,0,26,Second,man,TRUE,Southampton,no,FALSE,1
250,male,31,0,0,7.25,Third,man,TRUE,Southampton,no,TRUE,0
251,female,29,1,1,10.4625,Third,woman,FALSE,Southampton,no,FALSE,2
252,male,62,0,0,26.55,First,man,TRUE,Southampton,no,TRUE,0
253,male,30,1,0,16.1,Third,man,TRUE,Southampton,no,FALSE,1
254,female,41,0,2,20.2125,Third,woman,FALSE,Southampton,no,FALSE,2
255,female,29,0,2,15.2458,Third,woman,FALSE,Cherbourg,yes,FALSE,2
256,female,28,0,0,79.2,First,woman,FALSE,Cherbourg,yes,TRUE,0
257,female,30,0,0,86.5,First,woman,FALSE,Southampton,yes,TRUE,0
258,female,35,0,0,512.3292,First,woman,FALSE,Cherbourg,yes,TRUE,0
259,female,50,0,1,26,Second,woman,FALSE,Southampton,yes,FALSE,1
260,male,31,0,0,7.75,Third,man,TRUE,Queenstown,no,TRUE,0
261,male,3,4,2,31.3875,Third,child,FALSE,Southampton,yes,FALSE,6
262,male,52,1,1,79.65,First,man,TRUE,Southampton,no,FALSE,2
263,male,40,0,0,0,First,man,TRUE,Southampton,no,TRUE,0
264,female,28,0,0,7.75,Third,woman,FALSE,Queenstown,no,TRUE,0
265,male,36,0,0,10.5,Second,man,TRUE,Southampton,no,TRUE,0
266,male,16,4,1,39.6875,Third,man,TRUE,Southampton,no,FALSE,5
267,male,25,1,0,7.775,Third,man,TRUE,Southampton,yes,FALSE,1
268,female,58,0,1,153.4625,First,woman,FALSE,Southampton,yes,FALSE,1
269,female,35,0,0,135.6333,First,woman,FALSE,Southampton,yes,TRUE,0
270,male,31,0,0,31,First,man,TRUE,Southampton,no,TRUE,0
271,male,25,0,0,0,Third,man,TRUE,Southampton,yes,TRUE,0
272,female,41,0,1,19.5,Second,woman,FALSE,Southampton,yes,FALSE,1
273,male,37,0,1,29.7,First,man,TRUE,Cherbourg,no,FALSE,1
274,female,28,0,0,7.75,Third,woman,FALSE,Queenstown,yes,TRUE,0
275,female,63,1,0,77.9583,First,woman,FALSE,Southampton,yes,FALSE,1
276,female,45,0,0,7.75,Third,woman,FALSE,Southampton,no,TRUE,0
277,male,31,0,0,0,Second,man,TRUE,Southampton,no,TRUE,0
278,male,7,4,1,29.125,Third,child,FALSE,Queenstown,no,FALSE,5
279,female,35,1,1,20.25,Third,woman,FALSE,Southampton,yes,FALSE,2
280,male,65,0,0,7.75,Third,man,TRUE,Queenstown,no,TRUE,0
281,male,28,0,0,7.8542,Third,man,TRUE,Southampton,no,TRUE,0
282,male,16,0,0,9.5,Third,man,TRUE,Southampton,no,TRUE,0
283,male,19,0,0,8.05,Third,man,TRUE,Southampton,yes,TRUE,0
284,male,31,0,0,26,First,man,TRUE,Southampton,no,TRUE,0
285,male,33,0,0,8.6625,Third,man,TRUE,Cherbourg,no,TRUE,0
286,male,30,0,0,9.5,Third,man,TRUE,Southampton,yes,TRUE,0
287,male,22,0,0,7.8958,Third,man,TRUE,Southampton,no,TRUE,0
288,male,42,0,0,13,Second,man,TRUE,Southampton,yes,TRUE,0
289,female,22,0,0,7.75,Third,woman,FALSE,Queenstown,yes,TRUE,0
290,female,26,0,0,78.85,First,woman,FALSE,Southampton,yes,TRUE,0
291,female,19,1,0,91.0792,First,woman,FALSE,Cherbourg,yes,FALSE,1
292,male,36,0,0,12.875,Second,man,TRUE,Cherbourg,no,TRUE,0
293,female,24,0,0,8.85,Third,woman,FALSE,Southampton,no,TRUE,0
294,male,24,0,0,7.8958,Third,man,TRUE,Southampton,no,TRUE,0
295,male,31,0,0,27.7208,First,man,TRUE,Cherbourg,no,TRUE,0
296,male,23.5,0,0,7.2292,Third,man,TRUE,Cherbourg,no,TRUE,0
297,female,2,1,2,151.55,First,child,FALSE,Southampton,no,FALSE,3
298,male,31,0,0,30.5,First,man,TRUE,Southampton,yes,TRUE,0
299,female,50,0,1,247.5208,First,woman,FALSE,Cherbourg,yes,FALSE,1
300,female,28,0,0,7.75,Third,woman,FALSE,Queenstown,yes,TRUE,0
301,male,31,2,0,23.25,Third,man,TRUE,Queenstown,yes,FALSE,2
302,male,19,0,0,0,Third,man,TRUE,Southampton,no,TRUE,0
303,female,28,0,0,12.35,Second,woman,FALSE,Queenstown,yes,TRUE,0
304,male,31,0,0,8.05,Third,man,TRUE,Southampton,no,TRUE,0
305,male,0.92,1,2,151.55,First,child,FALSE,Southampton,yes,FALSE,3
306,female,28,0,0,110.8833,First,woman,FALSE,Cherbourg,yes,TRUE,0
307,female,17,1,0,108.9,First,woman,FALSE,Cherbourg,yes,FALSE,1
308,male,30,1,0,24,Second,man,TRUE,Cherbourg,no,FALSE,1
309,female,30,0,0,56.9292,First,woman,FALSE,Cherbourg,yes,TRUE,0
310,female,24,0,0,83.1583,First,woman,FALSE,Cherbourg,yes,TRUE,0
311,female,18,2,2,262.375,First,woman,FALSE,Cherbourg,yes,FALSE,4
312,female,26,1,1,26,Second,woman,FALSE,Southampton,no,FALSE,2
313,male,28,0,0,7.8958,Third,man,TRUE,Southampton,no,TRUE,0
314,male,43,1,1,26.25,Second,man,TRUE,Southampton,no,FALSE,2
315,female,26,0,0,7.8542,Third,woman,FALSE,Southampton,yes,TRUE,0
316,female,24,1,0,26,Second,woman,FALSE,Southampton,yes,FALSE,1
317,male,54,0,0,14,Second,man,TRUE,Southampton,no,TRUE,0
318,female,31,0,2,164.8667,First,woman,FALSE,Southampton,yes,FALSE,2
319,female,40,1,1,134.5,First,woman,FALSE,Cherbourg,yes,FALSE,2
320,male,22,0,0,7.25,Third,man,TRUE,Southampton,no,TRUE,0
321,male,27,0,0,7.8958,Third,man,TRUE,Southampton,no,TRUE,0
322,female,30,0,0,12.35,Second,woman,FALSE,Queenstown,yes,TRUE,0
323,female,22,1,1,29,Second,woman,FALSE,Southampton,yes,FALSE,2
324,male,31,8,2,69.55,Third,man,TRUE,Southampton,no,FALSE,10
325,female,36,0,0,135.6333,First,woman,FALSE,Cherbourg,yes,TRUE,0
326,male,61,0,0,6.2375,Third,man,TRUE,Southampton,no,TRUE,0
327,female,36,0,0,13,Second,woman,FALSE,Southampton,yes,TRUE,0
328,female,31,1,1,20.525,Third,woman,FALSE,Southampton,yes,FALSE,2
329,female,16,0,1,57.9792,First,woman,FALSE,Cherbourg,yes,FALSE,1
330,female,28,2,0,23.25,Third,woman,FALSE,Queenstown,yes,FALSE,2
331,male,45.5,0,0,28.5,First,man,TRUE,Southampton,no,TRUE,0
332,male,38,0,1,153.4625,First,man,TRUE,Southampton,no,FALSE,1
333,male,16,2,0,18,Third,man,TRUE,Southampton,no,FALSE,2
334,female,28,1,0,133.65,First,woman,FALSE,Southampton,yes,FALSE,1
335,male,31,0,0,7.8958,Third,man,TRUE,Southampton,no,TRUE,0
336,male,29,1,0,66.6,First,man,TRUE,Southampton,no,FALSE,1
337,female,41,0,0,134.5,First,woman,FALSE,Cherbourg,yes,TRUE,0
338,male,45,0,0,8.05,Third,man,TRUE,Southampton,yes,TRUE,0
339,male,45,0,0,35.5,First,man,TRUE,Southampton,no,TRUE,0
340,male,2,1,1,26,Second,child,FALSE,Southampton,yes,FALSE,2
341,female,24,3,2,263,First,woman,FALSE,Southampton,yes,FALSE,5
342,male,28,0,0,13,Second,man,TRUE,Southampton,no,TRUE,0
343,male,25,0,0,13,Second,man,TRUE,Southampton,no,TRUE,0
344,male,36,0,0,13,Second,man,TRUE,Southampton,no,TRUE,0
345,female,24,0,0,13,Second,woman,FALSE,Southampton,yes,TRUE,0
346,female,40,0,0,13,Second,woman,FALSE,Southampton,yes,TRUE,0
347,female,28,1,0,16.1,Third,woman,FALSE,Southampton,yes,FALSE,1
348,male,3,1,1,15.9,Third,child,FALSE,Southampton,yes,FALSE,2
349,male,42,0,0,8.6625,Third,man,TRUE,Southampton,no,TRUE,0
350,male,23,0,0,9.225,Third,man,TRUE,Southampton,no,TRUE,0
351,male,31,0,0,35,First,man,TRUE,Southampton,no,TRUE,0
352,male,15,1,1,7.2292,Third,child,FALSE,Cherbourg,no,FALSE,2
353,male,25,1,0,17.8,Third,man,TRUE,Southampton,no,FALSE,1
354,male,31,0,0,7.225,Third,man,TRUE,Cherbourg,no,TRUE,0
355,male,28,0,0,9.5,Third,man,TRUE,Southampton,no,TRUE,0
356,female,22,0,1,55,First,woman,FALSE,Southampton,yes,FALSE,1
357,female,38,0,0,13,Second,woman,FALSE,Southampton,no,TRUE,0
358,female,28,0,0,7.8792,Third,woman,FALSE,Queenstown,yes,TRUE,0
359,female,28,0,0,7.8792,Third,woman,FALSE,Queenstown,yes,TRUE,0
360,male,40,1,4,27.9,Third,man,TRUE,Southampton,no,FALSE,5
361,male,29,1,0,27.7208,Second,man,TRUE,Cherbourg,no,FALSE,1
362,female,45,0,1,14.4542,Third,woman,FALSE,Cherbourg,no,FALSE,1
363,male,35,0,0,7.05,Third,man,TRUE,Southampton,no,TRUE,0
364,male,31,1,0,15.5,Third,man,TRUE,Queenstown,no,FALSE,1
365,male,30,0,0,7.25,Third,man,TRUE,Southampton,no,TRUE,0
366,female,60,1,0,75.25,First,woman,FALSE,Cherbourg,yes,FALSE,1
367,female,28,0,0,7.2292,Third,woman,FALSE,Cherbourg,yes,TRUE,0
368,female,28,0,0,7.75,Third,woman,FALSE,Queenstown,yes,TRUE,0
369,female,24,0,0,69.3,First,woman,FALSE,Cherbourg,yes,TRUE,0
370,male,25,1,0,55.4417,First,man,TRUE,Cherbourg,yes,FALSE,1
371,male,18,1,0,6.4958,Third,man,TRUE,Southampton,no,FALSE,1
372,male,19,0,0,8.05,Third,man,TRUE,Southampton,no,TRUE,0
373,male,22,0,0,135.6333,First,man,TRUE,Cherbourg,no,TRUE,0
374,female,3,3,1,21.075,Third,child,FALSE,Southampton,no,FALSE,4
375,female,28,1,0,82.1708,First,woman,FALSE,Cherbourg,yes,FALSE,1
376,female,22,0,0,7.25,Third,woman,FALSE,Southampton,yes,TRUE,0
377,male,27,0,2,211.5,First,man,TRUE,Cherbourg,no,FALSE,2
378,male,20,0,0,4.0125,Third,man,TRUE,Cherbourg,no,TRUE,0
379,male,19,0,0,7.775,Third,man,TRUE,Southampton,no,TRUE,0
380,female,42,0,0,227.525,First,woman,FALSE,Cherbourg,yes,TRUE,0
381,female,1,0,2,15.7417,Third,child,FALSE,Cherbourg,yes,FALSE,2
382,male,32,0,0,7.925,Third,man,TRUE,Southampton,no,TRUE,0
383,female,35,1,0,52,First,woman,FALSE,Southampton,yes,FALSE,1
384,male,31,0,0,7.8958,Third,man,TRUE,Southampton,no,TRUE,0
385,male,18,0,0,73.5,Second,man,TRUE,Southampton,no,TRUE,0
386,male,1,5,2,46.9,Third,child,FALSE,Southampton,no,FALSE,7
387,female,36,0,0,13,Second,woman,FALSE,Southampton,yes,TRUE,0
388,male,31,0,0,7.7292,Third,man,TRUE,Queenstown,no,TRUE,0
389,female,17,0,0,12,Second,woman,FALSE,Cherbourg,yes,TRUE,0
390,male,36,1,2,120,First,man,TRUE,Southampton,yes,FALSE,3
391,male,21,0,0,7.7958,Third,man,TRUE,Southampton,yes,TRUE,0
392,male,28,2,0,7.925,Third,man,TRUE,Southampton,no,FALSE,2
393,female,23,1,0,113.275,First,woman,FALSE,Cherbourg,yes,FALSE,1
394,female,24,0,2,16.7,Third,woman,FALSE,Southampton,yes,FALSE,2
395,male,22,0,0,7.7958,Third,man,TRUE,Southampton,no,TRUE,0
396,female,31,0,0,7.8542,Third,woman,FALSE,Southampton,no,TRUE,0
397,male,46,0,0,26,Second,man,TRUE,Southampton,no,TRUE,0
398,male,23,0,0,10.5,Second,man,TRUE,Southampton,no,TRUE,0
399,female,28,0,0,12.65,Second,woman,FALSE,Southampton,yes,TRUE,0
400,male,39,0,0,7.925,Third,man,TRUE,Southampton,yes,TRUE,0
401,male,26,0,0,8.05,Third,man,TRUE,Southampton,no,TRUE,0
402,female,21,1,0,9.825,Third,woman,FALSE,Southampton,no,FALSE,1
403,male,28,1,0,15.85,Third,man,TRUE,Southampton,no,FALSE,1
404,female,20,0,0,8.6625,Third,woman,FALSE,Southampton,no,TRUE,0
405,male,34,1,0,21,Second,man,TRUE,Southampton,no,FALSE,1
406,male,51,0,0,7.75,Third,man,TRUE,Southampton,no,TRUE,0
407,male,3,1,1,18.75,Second,child,FALSE,Southampton,yes,FALSE,2
408,male,21,0,0,7.775,Third,man,TRUE,Southampton,no,TRUE,0
409,female,28,3,1,25.4667,Third,woman,FALSE,Southampton,no,FALSE,4
410,male,31,0,0,7.8958,Third,man,TRUE,Southampton,no,TRUE,0
411,male,31,0,0,6.8583,Third,man,TRUE,Queenstown,no,TRUE,0
412,female,33,1,0,90,First,woman,FALSE,Queenstown,yes,FALSE,1
413,male,31,0,0,0,Second,man,TRUE,Southampton,no,TRUE,0
414,male,44,0,0,7.925,Third,man,TRUE,Southampton,yes,TRUE,0
415,female,28,0,0,8.05,Third,woman,FALSE,Southampton,no,TRUE,0
416,female,34,1,1,32.5,Second,woman,FALSE,Southampton,yes,FALSE,2
417,female,18,0,2,13,Second,woman,FALSE,Southampton,yes,FALSE,2
418,male,30,0,0,13,Second,man,TRUE,Southampton,no,TRUE,0
419,female,10,0,2,24.15,Third,child,FALSE,Southampton,no,FALSE,2
420,male,31,0,0,7.8958,Third,man,TRUE,Cherbourg,no,TRUE,0
421,male,21,0,0,7.7333,Third,man,TRUE,Queenstown,no,TRUE,0
422,male,29,0,0,7.875,Third,man,TRUE,Southampton,no,TRUE,0
423,female,28,1,1,14.4,Third,woman,FALSE,Southampton,no,FALSE,2
424,male,18,1,1,20.2125,Third,man,TRUE,Southampton,no,FALSE,2
425,male,31,0,0,7.25,Third,man,TRUE,Southampton,no,TRUE,0
426,female,28,1,0,26,Second,woman,FALSE,Southampton,yes,FALSE,1
427,female,19,0,0,26,Second,woman,FALSE,Southampton,yes,TRUE,0
428,male,31,0,0,7.75,Third,man,TRUE,Queenstown,no,TRUE,0
429,male,32,0,0,8.05,Third,man,TRUE,Southampton,yes,TRUE,0
430,male,28,0,0,26.55,First,man,TRUE,Southampton,yes,TRUE,0
431,female,28,1,0,16.1,Third,woman,FALSE,Southampton,yes,FALSE,1
432,female,42,1,0,26,Second,woman,FALSE,Southampton,yes,FALSE,1
433,male,17,0,0,7.125,Third,man,TRUE,Southampton,no,TRUE,0
434,male,50,1,0,55.9,First,man,TRUE,Southampton,no,FALSE,1
435,female,14,1,2,120,First,child,FALSE,Southampton,yes,FALSE,3
436,female,21,2,2,34.375,Third,woman,FALSE,Southampton,no,FALSE,4
437,female,24,2,3,18.75,Second,woman,FALSE,Southampton,yes,FALSE,5
438,male,64,1,4,263,First,man,TRUE,Southampton,no,FALSE,5
439,male,31,0,0,10.5,Second,man,TRUE,Southampton,no,TRUE,0
440,female,45,1,1,26.25,Second,woman,FALSE,Southampton,yes,FALSE,2
441,male,20,0,0,9.5,Third,man,TRUE,Southampton,no,TRUE,0
442,male,25,1,0,7.775,Third,man,TRUE,Southampton,no,FALSE,1
443,female,28,0,0,13,Second,woman,FALSE,Southampton,yes,TRUE,0
444,male,31,0,0,8.1125,Third,man,TRUE,Southampton,yes,TRUE,0
445,male,4,0,2,81.8583,First,child,FALSE,Southampton,yes,FALSE,2
446,female,13,0,1,19.5,Second,child,FALSE,Southampton,yes,FALSE,1
447,male,34,0,0,26.55,First,man,TRUE,Southampton,yes,TRUE,0
448,female,5,2,1,19.2583,Third,child,FALSE,Cherbourg,yes,FALSE,3
449,male,52,0,0,30.5,First,man,TRUE,Southampton,yes,TRUE,0
450,male,36,1,2,27.75,Second,man,TRUE,Southampton,no,FALSE,3
451,male,31,1,0,19.9667,Third,man,TRUE,Southampton,no,FALSE,1
452,male,30,0,0,27.75,First,man,TRUE,Cherbourg,no,TRUE,0
453,male,49,1,0,89.1042,First,man,TRUE,Cherbourg,yes,FALSE,1
454,male,31,0,0,8.05,Third,man,TRUE,Southampton,no,TRUE,0
455,male,29,0,0,7.8958,Third,man,TRUE,Cherbourg,yes,TRUE,0
456,male,65,0,0,26.55,First,man,TRUE,Southampton,no,TRUE,0
457,female,28,1,0,51.8625,First,woman,FALSE,Southampton,yes,FALSE,1
458,female,50,0,0,10.5,Second,woman,FALSE,Southampton,yes,TRUE,0
459,male,31,0,0,7.75,Third,man,TRUE,Queenstown,no,TRUE,0
460,male,48,0,0,26.55,First,man,TRUE,Southampton,yes,TRUE,0
461,male,34,0,0,8.05,Third,man,TRUE,Southampton,no,TRUE,0
462,male,47,0,0,38.5,First,man,TRUE,Southampton,no,TRUE,0
463,male,48,0,0,13,Second,man,TRUE,Southampton,no,TRUE,0
464,male,31,0,0,8.05,Third,man,TRUE,Southampton,no,TRUE,0
465,male,38,0,0,7.05,Third,man,TRUE,Southampton,no,TRUE,0
466,male,31,0,0,0,Second,man,TRUE,Southampton,no,TRUE,0
467,male,56,0,0,26.55,First,man,TRUE,Southampton,no,TRUE,0
468,male,31,0,0,7.725,Third,man,TRUE,Queenstown,no,TRUE,0
469,female,0.75,2,1,19.2583,Third,child,FALSE,Cherbourg,yes,FALSE,3
470,male,31,0,0,7.25,Third,man,TRUE,Southampton,no,TRUE,0
471,male,38,0,0,8.6625,Third,man,TRUE,Southampton,no,TRUE,0
472,female,33,1,2,27.75,Second,woman,FALSE,Southampton,yes,FALSE,3
473,female,23,0,0,13.7917,Second,woman,FALSE,Cherbourg,yes,TRUE,0
474,female,22,0,0,9.8375,Third,woman,FALSE,Southampton,no,TRUE,0
475,male,31,0,0,52,First,man,TRUE,Southampton,no,TRUE,0
476,male,34,1,0,21,Second,man,TRUE,Southampton,no,FALSE,1
477,male,29,1,0,7.0458,Third,man,TRUE,Southampton,no,FALSE,1
478,male,22,0,0,7.5208,Third,man,TRUE,Southampton,no,TRUE,0
479,female,2,0,1,12.2875,Third,child,FALSE,Southampton,yes,FALSE,1
480,male,9,5,2,46.9,Third,child,FALSE,Southampton,no,FALSE,7
481,male,31,0,0,0,Second,man,TRUE,Southampton,no,TRUE,0
482,male,50,0,0,8.05,Third,man,TRUE,Southampton,no,TRUE,0
483,female,63,0,0,9.5875,Third,woman,FALSE,Southampton,yes,TRUE,0
484,male,25,1,0,91.0792,First,man,TRUE,Cherbourg,yes,FALSE,1
485,female,28,3,1,25.4667,Third,woman,FALSE,Southampton,no,FALSE,4
486,female,35,1,0,90,First,woman,FALSE,Southampton,yes,FALSE,1
487,male,58,0,0,29.7,First,man,TRUE,Cherbourg,no,TRUE,0
488,male,30,0,0,8.05,Third,man,TRUE,Southampton,no,TRUE,0
489,male,9,1,1,15.9,Third,child,FALSE,Southampton,yes,FALSE,2
490,male,31,1,0,19.9667,Third,man,TRUE,Southampton,no,FALSE,1
491,male,21,0,0,7.25,Third,man,TRUE,Southampton,no,TRUE,0
492,male,55,0,0,30.5,First,man,TRUE,Southampton,no,TRUE,0
493,male,71,0,0,49.5042,First,man,TRUE,Cherbourg,no,TRUE,0
494,male,21,0,0,8.05,Third,man,TRUE,Southampton,no,TRUE,0
495,male,31,0,0,14.4583,Third,man,TRUE,Cherbourg,no,TRUE,0
496,female,54,1,0,78.2667,First,woman,FALSE,Cherbourg,yes,FALSE,1
497,male,31,0,0,15.1,Third,man,TRUE,Southampton,no,TRUE,0
498,female,25,1,2,151.55,First,woman,FALSE,Southampton,no,FALSE,3
499,male,24,0,0,7.7958,Third,man,TRUE,Southampton,no,TRUE,0
500,male,17,0,0,8.6625,Third,man,TRUE,Southampton,no,TRUE,0
501,female,21,0,0,7.75,Third,woman,FALSE,Queenstown,no,TRUE,0
502,female,28,0,0,7.6292,Third,woman,FALSE,Queenstown,no,TRUE,0
503,female,37,0,0,9.5875,Third,woman,FALSE,Southampton,no,TRUE,0
504,female,16,0,0,86.5,First,woman,FALSE,Southampton,yes,TRUE,0
505,male,18,1,0,108.9,First,man,TRUE,Cherbourg,no,FALSE,1
506,female,33,0,2,26,Second,woman,FALSE,Southampton,yes,FALSE,2
507,male,31,0,0,26.55,First,man,TRUE,Southampton,yes,TRUE,0
508,male,28,0,0,22.525,Third,man,TRUE,Southampton,no,TRUE,0
509,male,26,0,0,56.4958,Third,man,TRUE,Southampton,yes,TRUE,0
510,male,29,0,0,7.75,Third,man,TRUE,Queenstown,yes,TRUE,0
511,male,31,0,0,8.05,Third,man,TRUE,Southampton,no,TRUE,0
512,male,36,0,0,26.2875,First,man,TRUE,Southampton,yes,TRUE,0
513,female,54,1,0,59.4,First,woman,FALSE,Cherbourg,yes,FALSE,1
514,male,24,0,0,7.4958,Third,man,TRUE,Southampton,no,TRUE,0
515,male,47,0,0,34.0208,First,man,TRUE,Southampton,no,TRUE,0
516,female,34,0,0,10.5,Second,woman,FALSE,Southampton,yes,TRUE,0
517,male,31,0,0,24.15,Third,man,TRUE,Queenstown,no,TRUE,0
518,female,36,1,0,26,Second,woman,FALSE,Southampton,yes,FALSE,1
519,male,32,0,0,7.8958,Third,man,TRUE,Southampton,no,TRUE,0
520,female,30,0,0,93.5,First,woman,FALSE,Southampton,yes,TRUE,0
521,male,22,0,0,7.8958,Third,man,TRUE,Southampton,no,TRUE,0
522,male,31,0,0,7.225,Third,man,TRUE,Cherbourg,no,TRUE,0
523,female,44,0,1,57.9792,First,woman,FALSE,Cherbourg,yes,FALSE,1
524,male,31,0,0,7.2292,Third,man,TRUE,Cherbourg,no,TRUE,0
525,male,40.5,0,0,7.75,Third,man,TRUE,Queenstown,no,TRUE,0
526,female,50,0,0,10.5,Second,woman,FALSE,Southampton,yes,TRUE,0
527,male,31,0,0,221.7792,First,man,TRUE,Southampton,no,TRUE,0
528,male,39,0,0,7.925,Third,man,TRUE,Southampton,no,TRUE,0
529,male,23,2,1,11.5,Second,man,TRUE,Southampton,no,FALSE,3
530,female,2,1,1,26,Second,child,FALSE,Southampton,yes,FALSE,2
531,male,31,0,0,7.2292,Third,man,TRUE,Cherbourg,no,TRUE,0
532,male,17,1,1,7.2292,Third,man,TRUE,Cherbourg,no,FALSE,2
533,female,28,0,2,22.3583,Third,woman,FALSE,Cherbourg,yes,FALSE,2
534,female,30,0,0,8.6625,Third,woman,FALSE,Southampton,no,TRUE,0
535,female,7,0,2,26.25,Second,child,FALSE,Southampton,yes,FALSE,2
536,male,45,0,0,26.55,First,man,TRUE,Southampton,no,TRUE,0
537,female,30,0,0,106.425,First,woman,FALSE,Cherbourg,yes,TRUE,0
538,male,31,0,0,14.5,Third,man,TRUE,Southampton,no,TRUE,0
539,female,22,0,2,49.5,First,woman,FALSE,Cherbourg,yes,FALSE,2
540,female,36,0,2,71,First,woman,FALSE,Southampton,yes,FALSE,2
541,female,9,4,2,31.275,Third,child,FALSE,Southampton,no,FALSE,6
542,female,11,4,2,31.275,Third,child,FALSE,Southampton,no,FALSE,6
543,male,32,1,0,26,Second,man,TRUE,Southampton,yes,FALSE,1
544,male,50,1,0,106.425,First,man,TRUE,Cherbourg,no,FALSE,1
545,male,64,0,0,26,First,man,TRUE,Southampton,no,TRUE,0
546,female,19,1,0,26,Second,woman,FALSE,Southampton,yes,FALSE,1
547,male,31,0,0,13.8625,Second,man,TRUE,Cherbourg,yes,TRUE,0
548,male,33,1,1,20.525,Third,man,TRUE,Southampton,no,FALSE,2
549,male,8,1,1,36.75,Second,child,FALSE,Southampton,yes,FALSE,2
550,male,17,0,2,110.8833,First,man,TRUE,Cherbourg,yes,FALSE,2
551,male,27,0,0,26,Second,man,TRUE,Southampton,no,TRUE,0
552,male,31,0,0,7.8292,Third,man,TRUE,Queenstown,no,TRUE,0
553,male,22,0,0,7.225,Third,man,TRUE,Cherbourg,yes,TRUE,0
554,female,22,0,0,7.775,Third,woman,FALSE,Southampton,yes,TRUE,0
555,male,62,0,0,26.55,First,man,TRUE,Southampton,no,TRUE,0
556,female,48,1,0,39.6,First,woman,FALSE,Cherbourg,yes,FALSE,1
557,male,31,0,0,227.525,First,man,TRUE,Cherbourg,no,TRUE,0
558,female,39,1,1,79.65,First,woman,FALSE,Southampton,yes,FALSE,2
559,female,36,1,0,17.4,Third,woman,FALSE,Southampton,yes,FALSE,1
560,male,31,0,0,7.75,Third,man,TRUE,Queenstown,no,TRUE,0
561,male,40,0,0,7.8958,Third,man,TRUE,Southampton,no,TRUE,0
562,male,28,0,0,13.5,Second,man,TRUE,Southampton,no,TRUE,0
563,male,31,0,0,8.05,Third,man,TRUE,Southampton,no,TRUE,0
564,female,28,0,0,8.05,Third,woman,FALSE,Southampton,no,TRUE,0
565,male,24,2,0,24.15,Third,man,TRUE,Southampton,no,FALSE,2
566,male,19,0,0,7.8958,Third,man,TRUE,Southampton,no,TRUE,0
567,female,29,0,4,21.075,Third,woman,FALSE,Southampton,no,FALSE,4
568,male,31,0,0,7.2292,Third,man,TRUE,Cherbourg,no,TRUE,0
569,male,32,0,0,7.8542,Third,man,TRUE,Southampton,yes,TRUE,0
570,male,62,0,0,10.5,Second,man,TRUE,Southampton,yes,TRUE,0
571,female,53,2,0,51.4792,First,woman,FALSE,Southampton,yes,FALSE,2
572,male,36,0,0,26.3875,First,man,TRUE,Southampton,yes,TRUE,0
573,female,28,0,0,7.75,Third,woman,FALSE,Queenstown,yes,TRUE,0
574,male,16,0,0,8.05,Third,man,TRUE,Southampton,no,TRUE,0
575,male,19,0,0,14.5,Third,man,TRUE,Southampton,no,TRUE,0
576,female,34,0,0,13,Second,woman,FALSE,Southampton,yes,TRUE,0
577,female,39,1,0,55.9,First,woman,FALSE,Southampton,yes,FALSE,1
578,female,28,1,0,14.4583,Third,woman,FALSE,Cherbourg,no,FALSE,1
579,male,32,0,0,7.925,Third,man,TRUE,Southampton,yes,TRUE,0
580,female,25,1,1,30,Second,woman,FALSE,Southampton,yes,FALSE,2
581,female,39,1,1,110.8833,First,woman,FALSE,Cherbourg,yes,FALSE,2
582,male,54,0,0,26,Second,man,TRUE,Southampton,no,TRUE,0
583,male,36,0,0,40.125,First,man,TRUE,Cherbourg,no,TRUE,0
584,male,31,0,0,8.7125,Third,man,TRUE,Cherbourg,no,TRUE,0
585,female,18,0,2,79.65,First,woman,FALSE,Southampton,yes,FALSE,2
586,male,47,0,0,15,Second,man,TRUE,Southampton,no,TRUE,0
587,male,60,1,1,79.2,First,man,TRUE,Cherbourg,yes,FALSE,2
588,male,22,0,0,8.05,Third,man,TRUE,Southampton,no,TRUE,0
589,male,31,0,0,8.05,Third,man,TRUE,Southampton,no,TRUE,0
590,male,35,0,0,7.125,Third,man,TRUE,Southampton,no,TRUE,0
591,female,52,1,0,78.2667,First,woman,FALSE,Cherbourg,yes,FALSE,1
592,male,47,0,0,7.25,Third,man,TRUE,Southampton,no,TRUE,0
593,female,28,0,2,7.75,Third,woman,FALSE,Queenstown,no,FALSE,2
594,male,37,1,0,26,Second,man,TRUE,Southampton,no,FALSE,1
595,male,36,1,1,24.15,Third,man,TRUE,Southampton,no,FALSE,2
596,female,28,0,0,33,Second,woman,FALSE,Southampton,yes,TRUE,0
597,male,49,0,0,0,Third,man,TRUE,Southampton,no,TRUE,0
598,male,31,0,0,7.225,Third,man,TRUE,Cherbourg,no,TRUE,0
599,male,49,1,0,56.9292,First,man,TRUE,Cherbourg,yes,FALSE,1
600,female,24,2,1,27,Second,woman,FALSE,Southampton,yes,FALSE,3
601,male,31,0,0,7.8958,Third,man,TRUE,Southampton,no,TRUE,0
602,male,31,0,0,42.4,First,man,TRUE,Southampton,no,TRUE,0
603,male,44,0,0,8.05,Third,man,TRUE,Southampton,no,TRUE,0
604,male,35,0,0,26.55,First,man,TRUE,Cherbourg,yes,TRUE,0
605,male,36,1,0,15.55,Third,man,TRUE,Southampton,no,FALSE,1
606,male,30,0,0,7.8958,Third,man,TRUE,Southampton,no,TRUE,0
607,male,27,0,0,30.5,First,man,TRUE,Southampton,yes,TRUE,0
608,female,22,1,2,41.5792,Second,woman,FALSE,Cherbourg,yes,FALSE,3
609,female,40,0,0,153.4625,First,woman,FALSE,Southampton,yes,TRUE,0
610,female,39,1,5,31.275,Third,woman,FALSE,Southampton,no,FALSE,6
611,male,31,0,0,7.05,Third,man,TRUE,Southampton,no,TRUE,0
612,female,28,1,0,15.5,Third,woman,FALSE,Queenstown,yes,FALSE,1
613,male,31,0,0,7.75,Third,man,TRUE,Queenstown,no,TRUE,0
614,male,35,0,0,8.05,Third,man,TRUE,Southampton,no,TRUE,0
615,female,24,1,2,65,Second,woman,FALSE,Southampton,yes,FALSE,3
616,male,34,1,1,14.4,Third,man,TRUE,Southampton,no,FALSE,2
617,female,26,1,0,16.1,Third,woman,FALSE,Southampton,no,FALSE,1
618,female,4,2,1,39,Second,child,FALSE,Southampton,yes,FALSE,3
619,male,26,0,0,10.5,Second,man,TRUE,Southampton,no,TRUE,0
620,male,27,1,0,14.4542,Third,man,TRUE,Cherbourg,no,FALSE,1
621,male,42,1,0,52.5542,First,man,TRUE,Southampton,yes,FALSE,1
622,male,20,1,1,15.7417,Third,man,TRUE,Cherbourg,yes,FALSE,2
623,male,21,0,0,7.8542,Third,man,TRUE,Southampton,no,TRUE,0
624,male,21,0,0,16.1,Third,man,TRUE,Southampton,no,TRUE,0
625,male,61,0,0,32.3208,First,man,TRUE,Southampton,no,TRUE,0
626,male,57,0,0,12.35,Second,man,TRUE,Queenstown,no,TRUE,0
627,female,21,0,0,77.9583,First,woman,FALSE,Southampton,yes,TRUE,0
628,male,26,0,0,7.8958,Third,man,TRUE,Southampton,no,TRUE,0
629,male,31,0,0,7.7333,Third,man,TRUE,Queenstown,no,TRUE,0
630,male,80,0,0,30,First,man,TRUE,Southampton,yes,TRUE,0
631,male,51,0,0,7.0542,Third,man,TRUE,Southampton,no,TRUE,0
632,male,32,0,0,30.5,First,man,TRUE,Cherbourg,yes,TRUE,0
633,male,31,0,0,0,First,man,TRUE,Southampton,no,TRUE,0
634,female,9,3,2,27.9,Third,child,FALSE,Southampton,no,FALSE,5
635,female,28,0,0,13,Second,woman,FALSE,Southampton,yes,TRUE,0
636,male,32,0,0,7.925,Third,man,TRUE,Southampton,no,TRUE,0
637,male,31,1,1,26.25,Second,man,TRUE,Southampton,no,FALSE,2
638,female,41,0,5,39.6875,Third,woman,FALSE,Southampton,no,FALSE,5
639,male,31,1,0,16.1,Third,man,TRUE,Southampton,no,FALSE,1
640,male,20,0,0,7.8542,Third,man,TRUE,Southampton,no,TRUE,0
641,female,24,0,0,69.3,First,woman,FALSE,Cherbourg,yes,TRUE,0
642,female,2,3,2,27.9,Third,child,FALSE,Southampton,no,FALSE,5
643,male,31,0,0,56.4958,Third,man,TRUE,Southampton,yes,TRUE,0
644,female,0.75,2,1,19.2583,Third,child,FALSE,Cherbourg,yes,FALSE,3
645,male,48,1,0,76.7292,First,man,TRUE,Cherbourg,yes,FALSE,1
646,male,19,0,0,7.8958,Third,man,TRUE,Southampton,no,TRUE,0
647,male,56,0,0,35.5,First,man,TRUE,Cherbourg,yes,TRUE,0
648,male,31,0,0,7.55,Third,man,TRUE,Southampton,no,TRUE,0
649,female,23,0,0,7.55,Third,woman,FALSE,Southampton,yes,TRUE,0
650,male,31,0,0,7.8958,Third,man,TRUE,Southampton,no,TRUE,0
651,female,18,0,1,23,Second,woman,FALSE,Southampton,yes,FALSE,1
652,male,21,0,0,8.4333,Third,man,TRUE,Southampton,no,TRUE,0
653,female,28,0,0,7.8292,Third,woman,FALSE,Queenstown,yes,TRUE,0
654,female,18,0,0,6.75,Third,woman,FALSE,Queenstown,no,TRUE,0
655,male,24,2,0,73.5,Second,man,TRUE,Southampton,no,FALSE,2
656,male,31,0,0,7.8958,Third,man,TRUE,Southampton,no,TRUE,0
657,female,32,1,1,15.5,Third,woman,FALSE,Queenstown,no,FALSE,2
658,male,23,0,0,13,Second,man,TRUE,Southampton,no,TRUE,0
659,male,58,0,2,113.275,First,man,TRUE,Cherbourg,no,FALSE,2
660,male,50,2,0,133.65,First,man,TRUE,Southampton,yes,FALSE,2
661,male,40,0,0,7.225,Third,man,TRUE,Cherbourg,no,TRUE,0
662,male,47,0,0,25.5875,First,man,TRUE,Southampton,no,TRUE,0
663,male,36,0,0,7.4958,Third,man,TRUE,Southampton,no,TRUE,0
664,male,20,1,0,7.925,Third,man,TRUE,Southampton,yes,FALSE,1
665,male,32,2,0,73.5,Second,man,TRUE,Southampton,no,FALSE,2
666,male,25,0,0,13,Second,man,TRUE,Southampton,no,TRUE,0
667,male,31,0,0,7.775,Third,man,TRUE,Southampton,no,TRUE,0
668,male,43,0,0,8.05,Third,man,TRUE,Southampton,no,TRUE,0
669,female,28,1,0,52,First,woman,FALSE,Southampton,yes,FALSE,1
670,female,40,1,1,39,Second,woman,FALSE,Southampton,yes,FALSE,2
671,male,31,1,0,52,First,man,TRUE,Southampton,no,FALSE,1
672,male,70,0,0,10.5,Second,man,TRUE,Southampton,no,TRUE,0
673,male,31,0,0,13,Second,man,TRUE,Southampton,yes,TRUE,0
674,male,31,0,0,0,Second,man,TRUE,Southampton,no,TRUE,0
675,male,18,0,0,7.775,Third,man,TRUE,Southampton,no,TRUE,0
676,male,24.5,0,0,8.05,Third,man,TRUE,Southampton,no,TRUE,0
677,female,18,0,0,9.8417,Third,woman,FALSE,Southampton,yes,TRUE,0
678,female,43,1,6,46.9,Third,woman,FALSE,Southampton,no,FALSE,7
679,male,36,0,1,512.3292,First,man,TRUE,Cherbourg,yes,FALSE,1
680,female,28,0,0,8.1375,Third,woman,FALSE,Queenstown,no,TRUE,0
681,male,27,0,0,76.7292,First,man,TRUE,Cherbourg,yes,TRUE,0
682,male,20,0,0,9.225,Third,man,TRUE,Southampton,no,TRUE,0
683,male,14,5,2,46.9,Third,child,FALSE,Southampton,no,FALSE,7
684,male,60,1,1,39,Second,man,TRUE,Southampton,no,FALSE,2
685,male,25,1,2,41.5792,Second,man,TRUE,Cherbourg,no,FALSE,3
686,male,14,4,1,39.6875,Third,child,FALSE,Southampton,no,FALSE,5
687,male,19,0,0,10.1708,Third,man,TRUE,Southampton,no,TRUE,0
688,male,18,0,0,7.7958,Third,man,TRUE,Southampton,no,TRUE,0
689,female,15,0,1,211.3375,First,child,FALSE,Southampton,yes,FALSE,1
690,male,31,1,0,57,First,man,TRUE,Southampton,yes,FALSE,1
691,female,4,0,1,13.4167,Third,child,FALSE,Cherbourg,yes,FALSE,1
692,male,31,0,0,56.4958,Third,man,TRUE,Southampton,yes,TRUE,0
693,male,25,0,0,7.225,Third,man,TRUE,Cherbourg,no,TRUE,0
694,male,60,0,0,26.55,First,man,TRUE,Southampton,no,TRUE,0
695,male,52,0,0,13.5,Second,man,TRUE,Southampton,no,TRUE,0
696,male,44,0,0,8.05,Third,man,TRUE,Southampton,no,TRUE,0
697,female,28,0,0,7.7333,Third,woman,FALSE,Queenstown,yes,TRUE,0
698,male,49,1,1,110.8833,First,man,TRUE,Cherbourg,no,FALSE,2
699,male,42,0,0,7.65,Third,man,TRUE,Southampton,no,TRUE,0
700,female,18,1,0,227.525,First,woman,FALSE,Cherbourg,yes,FALSE,1
701,male,35,0,0,26.2875,First,man,TRUE,Southampton,yes,TRUE,0
702,female,18,0,1,14.4542,Third,woman,FALSE,Cherbourg,no,FALSE,1
703,male,25,0,0,7.7417,Third,man,TRUE,Queenstown,no,TRUE,0
704,male,26,1,0,7.8542,Third,man,TRUE,Southampton,no,FALSE,1
705,male,39,0,0,26,Second,man,TRUE,Southampton,no,TRUE,0
706,female,45,0,0,13.5,Second,woman,FALSE,Southampton,yes,TRUE,0
707,male,42,0,0,26.2875,First,man,TRUE,Southampton,yes,TRUE,0
708,female,22,0,0,151.55,First,woman,FALSE,Southampton,yes,TRUE,0
709,male,31,1,1,15.2458,Third,man,TRUE,Cherbourg,yes,FALSE,2
710,female,24,0,0,49.5042,First,woman,FALSE,Cherbourg,yes,TRUE,0
711,male,31,0,0,26.55,First,man,TRUE,Southampton,no,TRUE,0
712,male,48,1,0,52,First,man,TRUE,Southampton,yes,FALSE,1
713,male,29,0,0,9.4833,Third,man,TRUE,Southampton,no,TRUE,0
714,male,52,0,0,13,Second,man,TRUE,Southampton,no,TRUE,0
715,male,19,0,0,7.65,Third,man,TRUE,Southampton,no,TRUE,0
716,female,38,0,0,227.525,First,woman,FALSE,Cherbourg,yes,TRUE,0
717,female,27,0,0,10.5,Second,woman,FALSE,Southampton,yes,TRUE,0
718,male,31,0,0,15.5,Third,man,TRUE,Queenstown,no,TRUE,0
719,male,33,0,0,7.775,Third,man,TRUE,Southampton,no,TRUE,0
720,female,6,0,1,33,Second,child,FALSE,Southampton,yes,FALSE,1
721,male,17,1,0,7.0542,Third,man,TRUE,Southampton,no,FALSE,1
722,male,34,0,0,13,Second,man,TRUE,Southampton,no,TRUE,0
723,male,50,0,0,13,Second,man,TRUE,Southampton,no,TRUE,0
724,male,27,1,0,53.1,First,man,TRUE,Southampton,yes,FALSE,1
725,male,20,0,0,8.6625,Third,man,TRUE,Southampton,no,TRUE,0
726,female,30,3,0,21,Second,woman,FALSE,Southampton,yes,FALSE,3
727,female,28,0,0,7.7375,Third,woman,FALSE,Queenstown,yes,TRUE,0
728,male,25,1,0,26,Second,man,TRUE,Southampton,no,FALSE,1
729,female,25,1,0,7.925,Third,woman,FALSE,Southampton,no,FALSE,1
730,female,29,0,0,211.3375,First,woman,FALSE,Southampton,yes,TRUE,0
731,male,11,0,0,18.7875,Third,child,FALSE,Cherbourg,no,TRUE,0
732,male,31,0,0,0,Second,man,TRUE,Southampton,no,TRUE,0
733,male,23,0,0,13,Second,man,TRUE,Southampton,no,TRUE,0
734,male,23,0,0,13,Second,man,TRUE,Southampton,no,TRUE,0
735,male,28.5,0,0,16.1,Third,man,TRUE,Southampton,no,TRUE,0
736,female,48,1,3,34.375,Third,woman,FALSE,Southampton,no,FALSE,4
737,male,35,0,0,512.3292,First,man,TRUE,Cherbourg,yes,TRUE,0
738,male,31,0,0,7.8958,Third,man,TRUE,Southampton,no,TRUE,0
739,male,31,0,0,7.8958,Third,man,TRUE,Southampton,no,TRUE,0
740,male,31,0,0,30,First,man,TRUE,Southampton,yes,TRUE,0
741,male,36,1,0,78.85,First,man,TRUE,Southampton,no,FALSE,1
742,female,21,2,2,262.375,First,woman,FALSE,Cherbourg,yes,FALSE,4
743,male,24,1,0,16.1,Third,man,TRUE,Southampton,no,FALSE,1
744,male,31,0,0,7.925,Third,man,TRUE,Southampton,yes,TRUE,0
745,male,70,1,1,71,First,man,TRUE,Southampton,no,FALSE,2
746,male,16,1,1,20.25,Third,man,TRUE,Southampton,no,FALSE,2
747,female,30,0,0,13,Second,woman,FALSE,Southampton,yes,TRUE,0
748,male,19,1,0,53.1,First,man,TRUE,Southampton,no,FALSE,1
749,male,31,0,0,7.75,Third,man,TRUE,Queenstown,no,TRUE,0
750,female,4,1,1,23,Second,child,FALSE,Southampton,yes,FALSE,2
751,male,6,0,1,12.475,Third,child,FALSE,Southampton,yes,FALSE,1
752,male,33,0,0,9.5,Third,man,TRUE,Southampton,no,TRUE,0
753,male,23,0,0,7.8958,Third,man,TRUE,Southampton,no,TRUE,0
754,female,48,1,2,65,Second,woman,FALSE,Southampton,yes,FALSE,3
755,male,0.67,1,1,14.5,Second,child,FALSE,Southampton,yes,FALSE,2
756,male,28,0,0,7.7958,Third,man,TRUE,Southampton,no,TRUE,0
757,male,18,0,0,11.5,Second,man,TRUE,Southampton,no,TRUE,0
758,male,34,0,0,8.05,Third,man,TRUE,Southampton,no,TRUE,0
759,female,33,0,0,86.5,First,woman,FALSE,Southampton,yes,TRUE,0
760,male,31,0,0,14.5,Third,man,TRUE,Southampton,no,TRUE,0
761,male,41,0,0,7.125,Third,man,TRUE,Southampton,no,TRUE,0
762,male,20,0,0,7.2292,Third,man,TRUE,Cherbourg,yes,TRUE,0
763,female,36,1,2,120,First,woman,FALSE,Southampton,yes,FALSE,3
764,male,16,0,0,7.775,Third,man,TRUE,Southampton,no,TRUE,0
765,female,51,1,0,77.9583,First,woman,FALSE,Southampton,yes,FALSE,1
766,male,31,0,0,39.6,First,man,TRUE,Cherbourg,no,TRUE,0
767,female,30.5,0,0,7.75,Third,woman,FALSE,Queenstown,no,TRUE,0
768,male,31,1,0,24.15,Third,man,TRUE,Queenstown,no,FALSE,1
769,male,32,0,0,8.3625,Third,man,TRUE,Southampton,no,TRUE,0
770,male,24,0,0,9.5,Third,man,TRUE,Southampton,no,TRUE,0
771,male,48,0,0,7.8542,Third,man,TRUE,Southampton,no,TRUE,0
772,female,57,0,0,10.5,Second,woman,FALSE,Southampton,no,TRUE,0
773,male,31,0,0,7.225,Third,man,TRUE,Cherbourg,no,TRUE,0
774,female,54,1,3,23,Second,woman,FALSE,Southampton,yes,FALSE,4
775,male,18,0,0,7.75,Third,man,TRUE,Southampton,no,TRUE,0
776,male,31,0,0,7.75,Third,man,TRUE,Queenstown,no,TRUE,0
777,female,5,0,0,12.475,Third,child,FALSE,Southampton,yes,TRUE,0
778,male,31,0,0,7.7375,Third,man,TRUE,Queenstown,no,TRUE,0
779,female,43,0,1,211.3375,First,woman,FALSE,Southampton,yes,FALSE,1
780,female,13,0,0,7.2292,Third,child,FALSE,Cherbourg,yes,TRUE,0
781,female,17,1,0,57,First,woman,FALSE,Southampton,yes,FALSE,1
782,male,29,0,0,30,First,man,TRUE,Southampton,no,TRUE,0
783,male,31,1,2,23.45,Third,man,TRUE,Southampton,no,FALSE,3
784,male,25,0,0,7.05,Third,man,TRUE,Southampton,no,TRUE,0
785,male,25,0,0,7.25,Third,man,TRUE,Southampton,no,TRUE,0
786,female,18,0,0,7.4958,Third,woman,FALSE,Southampton,yes,TRUE,0
787,male,8,4,1,29.125,Third,child,FALSE,Queenstown,no,FALSE,5
788,male,1,1,2,20.575,Third,child,FALSE,Southampton,yes,FALSE,3
789,male,46,0,0,79.2,First,man,TRUE,Cherbourg,no,TRUE,0
790,male,31,0,0,7.75,Third,man,TRUE,Queenstown,no,TRUE,0
791,male,16,0,0,26,Second,man,TRUE,Southampton,no,TRUE,0
792,female,28,8,2,69.55,Third,woman,FALSE,Southampton,no,FALSE,10
793,male,31,0,0,30.6958,First,man,TRUE,Cherbourg,no,TRUE,0
794,male,25,0,0,7.8958,Third,man,TRUE,Southampton,no,TRUE,0
795,male,39,0,0,13,Second,man,TRUE,Southampton,no,TRUE,0
796,female,49,0,0,25.9292,First,woman,FALSE,Southampton,yes,TRUE,0
797,female,31,0,0,8.6833,Third,woman,FALSE,Southampton,yes,TRUE,0
798,male,30,0,0,7.2292,Third,man,TRUE,Cherbourg,no,TRUE,0
799,female,30,1,1,24.15,Third,woman,FALSE,Southampton,no,FALSE,2
800,male,34,0,0,13,Second,man,TRUE,Southampton,no,TRUE,0
801,female,31,1,1,26.25,Second,woman,FALSE,Southampton,yes,FALSE,2
802,male,11,1,2,120,First,child,FALSE,Southampton,yes,FALSE,3
803,male,0.42,0,1,8.5167,Third,child,FALSE,Cherbourg,yes,FALSE,1
804,male,27,0,0,6.975,Third,man,TRUE,Southampton,yes,TRUE,0
805,male,31,0,0,7.775,Third,man,TRUE,Southampton,no,TRUE,0
806,male,39,0,0,0,First,man,TRUE,Southampton,no,TRUE,0
807,female,18,0,0,7.775,Third,woman,FALSE,Southampton,no,TRUE,0
808,male,39,0,0,13,Second,man,TRUE,Southampton,no,TRUE,0
809,female,33,1,0,53.1,First,woman,FALSE,Southampton,yes,FALSE,1
810,male,26,0,0,7.8875,Third,man,TRUE,Southampton,no,TRUE,0
811,male,39,0,0,24.15,Third,man,TRUE,Southampton,no,TRUE,0
812,male,35,0,0,10.5,Second,man,TRUE,Southampton,no,TRUE,0
813,female,6,4,2,31.275,Third,child,FALSE,Southampton,no,FALSE,6
814,male,30.5,0,0,8.05,Third,man,TRUE,Southampton,no,TRUE,0
815,male,31,0,0,0,First,man,TRUE,Southampton,no,TRUE,0
816,female,23,0,0,7.925,Third,woman,FALSE,Southampton,no,TRUE,0
817,male,31,1,1,37.0042,Second,man,TRUE,Cherbourg,no,FALSE,2
818,male,43,0,0,6.45,Third,man,TRUE,Southampton,no,TRUE,0
819,male,10,3,2,27.9,Third,child,FALSE,Southampton,no,FALSE,5
820,female,52,1,1,93.5,First,woman,FALSE,Southampton,yes,FALSE,2
821,male,27,0,0,8.6625,Third,man,TRUE,Southampton,yes,TRUE,0
822,male,38,0,0,0,First,man,TRUE,Southampton,no,TRUE,0
823,female,27,0,1,12.475,Third,woman,FALSE,Southampton,yes,FALSE,1
824,male,2,4,1,39.6875,Third,child,FALSE,Southampton,no,FALSE,5
825,male,31,0,0,6.95,Third,man,TRUE,Queenstown,no,TRUE,0
826,male,31,0,0,56.4958,Third,man,TRUE,Southampton,no,TRUE,0
827,male,1,0,2,37.0042,Second,child,FALSE,Cherbourg,yes,FALSE,2
828,male,31,0,0,7.75,Third,man,TRUE,Queenstown,yes,TRUE,0
829,female,62,0,0,80,First,woman,FALSE,Southampton,yes,TRUE,0
830,female,15,1,0,14.4542,Third,child,FALSE,Cherbourg,yes,FALSE,1
831,male,0.83,1,1,18.75,Second,child,FALSE,Southampton,yes,FALSE,2
832,male,31,0,0,7.2292,Third,man,TRUE,Cherbourg,no,TRUE,0
833,male,23,0,0,7.8542,Third,man,TRUE,Southampton,no,TRUE,0
834,male,18,0,0,8.3,Third,man,TRUE,Southampton,no,TRUE,0
835,female,39,1,1,83.1583,First,woman,FALSE,Cherbourg,yes,FALSE,2
836,male,21,0,0,8.6625,Third,man,TRUE,Southampton,no,TRUE,0
837,male,31,0,0,8.05,Third,man,TRUE,Southampton,no,TRUE,0
838,male,32,0,0,56.4958,Third,man,TRUE,Southampton,yes,TRUE,0
839,male,31,0,0,29.7,First,man,TRUE,Cherbourg,yes,TRUE,0
840,male,20,0,0,7.925,Third,man,TRUE,Southampton,no,TRUE,0
841,male,16,0,0,10.5,Second,man,TRUE,Southampton,no,TRUE,0
842,female,30,0,0,31,First,woman,FALSE,Cherbourg,yes,TRUE,0
843,male,34.5,0,0,6.4375,Third,man,TRUE,Cherbourg,no,TRUE,0
844,male,17,0,0,8.6625,Third,man,TRUE,Southampton,no,TRUE,0
845,male,42,0,0,7.55,Third,man,TRUE,Southampton,no,TRUE,0
846,male,31,8,2,69.55,Third,man,TRUE,Southampton,no,FALSE,10
847,male,35,0,0,7.8958,Third,man,TRUE,Cherbourg,no,TRUE,0
848,male,28,0,1,33,Second,man,TRUE,Southampton,no,FALSE,1
849,female,28,1,0,89.1042,First,woman,FALSE,Cherbourg,yes,FALSE,1
850,male,4,4,2,31.275,Third,child,FALSE,Southampton,no,FALSE,6
851,male,74,0,0,7.775,Third,man,TRUE,Southampton,no,TRUE,0
852,female,9,1,1,15.2458,Third,child,FALSE,Cherbourg,no,FALSE,2
853,female,16,0,1,39.4,First,woman,FALSE,Southampton,yes,FALSE,1
854,female,44,1,0,26,Second,woman,FALSE,Southampton,no,FALSE,1
855,female,18,0,1,9.35,Third,woman,FALSE,Southampton,yes,FALSE,1
856,female,45,1,1,164.8667,First,woman,FALSE,Southampton,yes,FALSE,2
857,male,51,0,0,26.55,First,man,TRUE,Southampton,yes,TRUE,0
858,female,24,0,3,19.2583,Third,woman,FALSE,Cherbourg,yes,FALSE,3
859,male,31,0,0,7.2292,Third,man,TRUE,Cherbourg,no,TRUE,0
860,male,41,2,0,14.1083,Third,man,TRUE,Southampton,no,FALSE,2
861,male,21,1,0,11.5,Second,man,TRUE,Southampton,no,FALSE,1
862,female,48,0,0,25.9292,First,woman,FALSE,Southampton,yes,TRUE,0
863,female,28,8,2,69.55,Third,woman,FALSE,Southampton,no,FALSE,10
864,male,24,0,0,13,Second,man,TRUE,Southampton,no,TRUE,0
865,female,42,0,0,13,Second,woman,FALSE,Southampton,yes,TRUE,0
866,female,27,1,0,13.8583,Second,woman,FALSE,Cherbourg,yes,FALSE,1
867,male,31,0,0,50.4958,First,man,TRUE,Southampton,no,TRUE,0
868,male,31,0,0,9.5,Third,man,TRUE,Southampton,no,TRUE,0
869,male,4,1,1,11.1333,Third,child,FALSE,Southampton,yes,FALSE,2
870,male,26,0,0,7.8958,Third,man,TRUE,Southampton,no,TRUE,0
871,female,47,1,1,52.5542,First,woman,FALSE,Southampton,yes,FALSE,2
872,male,33,0,0,5,First,man,TRUE,Southampton,no,TRUE,0
873,male,47,0,0,9,Third,man,TRUE,Southampton,no,TRUE,0
874,female,28,1,0,24,Second,woman,FALSE,Cherbourg,yes,FALSE,1
875,female,15,0,0,7.225,Third,child,FALSE,Cherbourg,yes,TRUE,0
876,male,20,0,0,9.8458,Third,man,TRUE,Southampton,no,TRUE,0
877,male,19,0,0,7.8958,Third,man,TRUE,Southampton,no,TRUE,0
878,male,31,0,0,7.8958,Third,man,TRUE,Southampton,no,TRUE,0
879,female,56,0,1,83.1583,First,woman,FALSE,Cherbourg,yes,FALSE,1
880,female,25,0,1,26,Second,woman,FALSE,Southampton,yes,FALSE,1
881,male,33,0,0,7.8958,Third,man,TRUE,Southampton,no,TRUE,0
882,female,22,0,0,10.5167,Third,woman,FALSE,Southampton,no,TRUE,0
883,male,28,0,0,10.5,Second,man,TRUE,Southampton,no,TRUE,0
884,male,25,0,0,7.05,Third,man,TRUE,Southampton,no,TRUE,0
885,female,39,0,5,29.125,Third,woman,FALSE,Queenstown,no,FALSE,5
886,male,27,0,0,13,Second,man,TRUE,Southampton,no,TRUE,0
887,female,19,0,0,30,First,woman,FALSE,Southampton,yes,TRUE,0
888,female,28,1,2,23.45,Third,woman,FALSE,Southampton,no,FALSE,3
889,male,26,0,0,30,First,man,TRUE,Cherbourg,yes,TRUE,0
890,male,32,0,0,7.75,Third,man,TRUE,Queenstown,no,TRUE,0
